config_tag,classifier,permutation_index,balanced_accuracy
N4G4,SVM,0,0.5455128205128205
N4G4,SVM,1,0.437948717948718
N4G4,SVM,2,0.5079487179487179
N4G4,SVM,3,0.5124358974358975
N4G4,SVM,4,0.49782051282051276
N4G4,SVM,5,0.4667948717948718
N4G4,SVM,6,0.5584615384615385
N4G4,SVM,7,0.5956410256410256
N4G4,SVM,8,0.4065384615384615
N4G4,SVM,9,0.5026923076923077
N4G4,SVM,10,0.5451282051282051
N4G4,SVM,11,0.5337179487179488
N4G4,SVM,12,0.46961538461538466
N4G4,SVM,13,0.49205128205128207
N4G4,SVM,14,0.527051282051282
N4G4,SVM,15,0.5243589743589744
N4G4,SVM,16,0.5165384615384615
N4G4,SVM,17,0.4506410256410256
N4G4,SVM,18,0.5039743589743589
N4G4,SVM,19,0.4987179487179488
N4G4,SVM,20,0.478974358974359
N4G4,SVM,21,0.4715384615384615
N4G4,SVM,22,0.45794871794871794
N4G4,SVM,23,0.591025641025641
N4G4,SVM,24,0.6238461538461539
N4G4,SVM,25,0.5060256410256411
N4G4,SVM,26,0.5538461538461539
N4G4,SVM,27,0.5779487179487179
N4G4,SVM,28,0.5225641025641026
N4G4,SVM,29,0.4439743589743589
N4G4,SVM,30,0.5443589743589743
N4G4,SVM,31,0.5256410256410257
N4G4,SVM,32,0.5094871794871794
N4G4,SVM,33,0.483974358974359
N4G4,SVM,34,0.56
N4G4,SVM,35,0.546923076923077
N4G4,SVM,36,0.5543589743589743
N4G4,SVM,37,0.48705128205128206
N4G4,SVM,38,0.5492307692307692
N4G4,SVM,39,0.5116666666666666
N4G4,SVM,40,0.49448717948717946
N4G4,SVM,41,0.49307692307692313
N4G4,SVM,42,0.5505128205128205
N4G4,SVM,43,0.472948717948718
N4G4,SVM,44,0.46730769230769226
N4G4,SVM,45,0.5498717948717949
N4G4,SVM,46,0.5087179487179487
N4G4,SVM,47,0.6139743589743589
N4G4,SVM,48,0.44730769230769224
N4G4,SVM,49,0.48692307692307685
N4G4,SVM,50,0.5057692307692307
N4G4,SVM,51,0.5232051282051282
N4G4,SVM,52,0.5208974358974359
N4G4,SVM,53,0.42923076923076925
N4G4,SVM,54,0.5615384615384615
N4G4,SVM,55,0.501923076923077
N4G4,SVM,56,0.5441025641025642
N4G4,SVM,57,0.5505128205128205
N4G4,SVM,58,0.5124358974358975
N4G4,SVM,59,0.527051282051282
N4G4,SVM,60,0.5420512820512822
N4G4,SVM,61,0.4861538461538462
N4G4,SVM,62,0.5028205128205129
N4G4,SVM,63,0.4844871794871795
N4G4,SVM,64,0.566025641025641
N4G4,SVM,65,0.4801282051282052
N4G4,SVM,66,0.573076923076923
N4G4,SVM,67,0.6373076923076924
N4G4,SVM,68,0.4608974358974358
N4G4,SVM,69,0.5652564102564103
N4G4,SVM,70,0.6211538461538462
N4G4,SVM,71,0.45461538461538464
N4G4,SVM,72,0.5373076923076923
N4G4,SVM,73,0.4784615384615385
N4G4,SVM,74,0.5582051282051281
N4G4,SVM,75,0.5211538461538461
N4G4,SVM,76,0.5391025641025641
N4G4,SVM,77,0.47358974358974365
N4G4,SVM,78,0.465
N4G4,SVM,79,0.5846153846153846
N4G4,SVM,80,0.504102564102564
N4G4,SVM,81,0.5296153846153847
N4G4,SVM,82,0.517051282051282
N4G4,SVM,83,0.4891025641025641
N4G4,SVM,84,0.47102564102564104
N4G4,SVM,85,0.4502564102564102
N4G4,SVM,86,0.5680769230769231
N4G4,SVM,87,0.49641025641025643
N4G4,SVM,88,0.467948717948718
N4G4,SVM,89,0.4619230769230769
N4G4,SVM,90,0.4974358974358974
N4G4,SVM,91,0.42653846153846153
N4G4,SVM,92,0.38230769230769235
N4G4,SVM,93,0.3944871794871795
N4G4,SVM,94,0.5561538461538462
N4G4,SVM,95,0.4844871794871795
N4G4,SVM,96,0.5965384615384616
N4G4,SVM,97,0.5189743589743591
N4G4,SVM,98,0.5278205128205129
N4G4,SVM,99,0.5862820512820514
N4G4,SVM,100,0.49102564102564095
N4G4,SVM,101,0.48794871794871797
N4G4,SVM,102,0.5197435897435898
N4G4,SVM,103,0.5992307692307692
N4G4,SVM,104,0.48307692307692307
N4G4,SVM,105,0.5233333333333333
N4G4,SVM,106,0.4697435897435897
N4G4,SVM,107,0.5251282051282051
N4G4,SVM,108,0.5538461538461538
N4G4,SVM,109,0.507051282051282
N4G4,SVM,110,0.4852564102564103
N4G4,SVM,111,0.5033333333333334
N4G4,SVM,112,0.49679487179487175
N4G4,SVM,113,0.5770512820512821
N4G4,SVM,114,0.5651282051282052
N4G4,SVM,115,0.45141025641025645
N4G4,SVM,116,0.4729487179487179
N4G4,SVM,117,0.42730769230769233
N4G4,SVM,118,0.4844871794871794
N4G4,SVM,119,0.556025641025641
N4G4,SVM,120,0.53
N4G4,SVM,121,0.5015384615384615
N4G4,SVM,122,0.5741025641025641
N4G4,SVM,123,0.5752564102564102
N4G4,SVM,124,0.5258974358974359
N4G4,SVM,125,0.45897435897435895
N4G4,SVM,126,0.4419230769230769
N4G4,SVM,127,0.5542307692307692
N4G4,SVM,128,0.5067948717948718
N4G4,SVM,129,0.4444871794871795
N4G4,SVM,130,0.6342307692307693
N4G4,SVM,131,0.4806410256410256
N4G4,SVM,132,0.5356410256410257
N4G4,SVM,133,0.41884615384615387
N4G4,SVM,134,0.5010256410256411
N4G4,SVM,135,0.5228205128205129
N4G4,SVM,136,0.515897435897436
N4G4,SVM,137,0.4643589743589744
N4G4,SVM,138,0.4667948717948718
N4G4,SVM,139,0.37692307692307686
N4G4,SVM,140,0.46397435897435896
N4G4,SVM,141,0.5150000000000001
N4G4,SVM,142,0.5752564102564102
N4G4,SVM,143,0.5985897435897436
N4G4,SVM,144,0.5824358974358975
N4G4,SVM,145,0.47615384615384615
N4G4,SVM,146,0.5047435897435898
N4G4,SVM,147,0.4773076923076923
N4G4,SVM,148,0.5529487179487179
N4G4,SVM,149,0.5144871794871795
N4G4,SVM,150,0.49948717948717947
N4G4,SVM,151,0.4694871794871795
N4G4,SVM,152,0.4584615384615385
N4G4,SVM,153,0.535
N4G4,SVM,154,0.6482051282051282
N4G4,SVM,155,0.5289743589743591
N4G4,SVM,156,0.5275641025641026
N4G4,SVM,157,0.3476923076923077
N4G4,SVM,158,0.4858974358974359
N4G4,SVM,159,0.5871794871794872
N4G4,SVM,160,0.42487179487179494
N4G4,SVM,161,0.5057692307692307
N4G4,SVM,162,0.5211538461538461
N4G4,SVM,163,0.5314102564102564
N4G4,SVM,164,0.486025641025641
N4G4,SVM,165,0.43217948717948723
N4G4,SVM,166,0.573974358974359
N4G4,SVM,167,0.45756410256410257
N4G4,SVM,168,0.5787179487179487
N4G4,SVM,169,0.4953846153846154
N4G4,SVM,170,0.48243589743589743
N4G4,SVM,171,0.4050000000000001
N4G4,SVM,172,0.46
N4G4,SVM,173,0.483974358974359
N4G4,SVM,174,0.49153846153846154
N4G4,SVM,175,0.4956410256410257
N4G4,SVM,176,0.5842307692307692
N4G4,SVM,177,0.5308974358974359
N4G4,SVM,178,0.4705128205128205
N4G4,SVM,179,0.5476923076923077
N4G4,SVM,180,0.553846153846154
N4G4,SVM,181,0.48294871794871796
N4G4,SVM,182,0.41884615384615387
N4G4,SVM,183,0.5543589743589744
N4G4,SVM,184,0.5246153846153847
N4G4,SVM,185,0.4862820512820513
N4G4,SVM,186,0.6058974358974358
N4G4,SVM,187,0.550897435897436
N4G4,SVM,188,0.5373076923076923
N4G4,SVM,189,0.5812820512820513
N4G4,SVM,190,0.5566666666666666
N4G4,SVM,191,0.5257692307692308
N4G4,SVM,192,0.5173076923076922
N4G4,SVM,193,0.5865384615384616
N4G4,SVM,194,0.448974358974359
N4G4,SVM,195,0.568076923076923
N4G4,SVM,196,0.4662820512820513
N4G4,SVM,197,0.5453846153846154
N4G4,SVM,198,0.4430769230769231
N4G4,SVM,199,0.516025641025641
N4G4,SVM,200,0.5075641025641026
N4G4,SVM,201,0.5333333333333333
N4G4,SVM,202,0.45769230769230773
N4G4,SVM,203,0.5175641025641026
N4G4,SVM,204,0.4843589743589744
N4G4,SVM,205,0.5834615384615385
N4G4,SVM,206,0.3653846153846154
N4G4,SVM,207,0.517948717948718
N4G4,SVM,208,0.5093589743589744
N4G4,SVM,209,0.513974358974359
N4G4,SVM,210,0.4670512820512821
N4G4,SVM,211,0.5564102564102564
N4G4,SVM,212,0.41256410256410253
N4G4,SVM,213,0.5111538461538462
N4G4,SVM,214,0.5205128205128206
N4G4,SVM,215,0.46897435897435896
N4G4,SVM,216,0.546923076923077
N4G4,SVM,217,0.4757692307692308
N4G4,SVM,218,0.5046153846153847
N4G4,SVM,219,0.44358974358974357
N4G4,SVM,220,0.4846153846153846
N4G4,SVM,221,0.48243589743589743
N4G4,SVM,222,0.5605128205128205
N4G4,SVM,223,0.5487179487179488
N4G4,SVM,224,0.4642307692307693
N4G4,SVM,225,0.49935897435897436
N4G4,SVM,226,0.453974358974359
N4G4,SVM,227,0.5352564102564102
N4G4,SVM,228,0.507948717948718
N4G4,SVM,229,0.48102564102564105
N4G4,SVM,230,0.4789743589743589
N4G4,SVM,231,0.5521794871794872
N4G4,SVM,232,0.49948717948717947
N4G4,SVM,233,0.5651282051282052
N4G4,SVM,234,0.44641025641025645
N4G4,SVM,235,0.5505128205128205
N4G4,SVM,236,0.5038461538461538
N4G4,SVM,237,0.5342307692307693
N4G4,SVM,238,0.49512820512820505
N4G4,SVM,239,0.5328205128205128
N4G4,SVM,240,0.4548717948717949
N4G4,SVM,241,0.5717948717948719
N4G4,SVM,242,0.5012820512820513
N4G4,SVM,243,0.4732051282051282
N4G4,SVM,244,0.40871794871794875
N4G4,SVM,245,0.5621794871794872
N4G4,SVM,246,0.45423076923076927
N4G4,SVM,247,0.5102564102564103
N4G4,SVM,248,0.4148717948717948
N4G4,SVM,249,0.43923076923076926
N4G4,SVM,250,0.4956410256410257
N4G4,SVM,251,0.454102564102564
N4G4,SVM,252,0.5728205128205128
N4G4,SVM,253,0.6682051282051282
N4G4,SVM,254,0.4793589743589744
N4G4,SVM,255,0.5774358974358974
N4G4,SVM,256,0.506923076923077
N4G4,SVM,257,0.4708974358974358
N4G4,SVM,258,0.5067948717948717
N4G4,SVM,259,0.4437179487179487
N4G4,SVM,260,0.5284615384615384
N4G4,SVM,261,0.4693589743589744
N4G4,SVM,262,0.4374358974358974
N4G4,SVM,263,0.4542307692307692
N4G4,SVM,264,0.5385897435897435
N4G4,SVM,265,0.43589743589743585
N4G4,SVM,266,0.5435897435897437
N4G4,SVM,267,0.5501282051282051
N4G4,SVM,268,0.5064102564102564
N4G4,SVM,269,0.5146153846153846
N4G4,SVM,270,0.4807692307692307
N4G4,SVM,271,0.4766666666666666
N4G4,SVM,272,0.4752564102564103
N4G4,SVM,273,0.45358974358974363
N4G4,SVM,274,0.5558974358974359
N4G4,SVM,275,0.4546153846153846
N4G4,SVM,276,0.5152564102564102
N4G4,SVM,277,0.4917948717948718
N4G4,SVM,278,0.4458974358974359
N4G4,SVM,279,0.44756410256410256
N4G4,SVM,280,0.46243589743589747
N4G4,SVM,281,0.5337179487179486
N4G4,SVM,282,0.47282051282051285
N4G4,SVM,283,0.5126923076923078
N4G4,SVM,284,0.4393589743589743
N4G4,SVM,285,0.5287179487179487
N4G4,SVM,286,0.5005128205128205
N4G4,SVM,287,0.5339743589743591
N4G4,SVM,288,0.38307692307692315
N4G4,SVM,289,0.5258974358974359
N4G4,SVM,290,0.4820512820512821
N4G4,SVM,291,0.45782051282051284
N4G4,SVM,292,0.46269230769230774
N4G4,SVM,293,0.5064102564102564
N4G4,SVM,294,0.45423076923076927
N4G4,SVM,295,0.4734615384615385
N4G4,SVM,296,0.4321794871794872
N4G4,SVM,297,0.5152564102564103
N4G4,SVM,298,0.44423076923076926
N4G4,SVM,299,0.462948717948718
N4G4,SVM,300,0.6084615384615385
N4G4,SVM,301,0.5024358974358974
N4G4,SVM,302,0.5555128205128206
N4G4,SVM,303,0.44487179487179485
N4G4,SVM,304,0.47974358974358977
N4G4,SVM,305,0.4974358974358974
N4G4,SVM,306,0.5167948717948718
N4G4,SVM,307,0.5466666666666667
N4G4,SVM,308,0.5230769230769231
N4G4,SVM,309,0.514102564102564
N4G4,SVM,310,0.4193589743589744
N4G4,SVM,311,0.39243589743589746
N4G4,SVM,312,0.5398717948717949
N4G4,SVM,313,0.5624358974358974
N4G4,SVM,314,0.5537179487179488
N4G4,SVM,315,0.4485897435897436
N4G4,SVM,316,0.5921794871794873
N4G4,SVM,317,0.5238461538461539
N4G4,SVM,318,0.4743589743589744
N4G4,SVM,319,0.5526923076923077
N4G4,SVM,320,0.5306410256410257
N4G4,SVM,321,0.48615384615384616
N4G4,SVM,322,0.5024358974358974
N4G4,SVM,323,0.4569230769230769
N4G4,SVM,324,0.5294871794871795
N4G4,SVM,325,0.42769230769230765
N4G4,SVM,326,0.4552564102564103
N4G4,SVM,327,0.5060256410256411
N4G4,SVM,328,0.5388461538461539
N4G4,SVM,329,0.5208974358974359
N4G4,SVM,330,0.4798717948717948
N4G4,SVM,331,0.4983333333333333
N4G4,SVM,332,0.49282051282051287
N4G4,SVM,333,0.4197435897435897
N4G4,SVM,334,0.48141025641025637
N4G4,SVM,335,0.48846153846153845
N4G4,SVM,336,0.447051282051282
N4G4,SVM,337,0.42730769230769233
N4G4,SVM,338,0.5602564102564103
N4G4,SVM,339,0.4644871794871795
N4G4,SVM,340,0.47230769230769226
N4G4,SVM,341,0.5402564102564102
N4G4,SVM,342,0.4905128205128205
N4G4,SVM,343,0.43628205128205133
N4G4,SVM,344,0.5020512820512821
N4G4,SVM,345,0.4642307692307693
N4G4,SVM,346,0.4773076923076923
N4G4,SVM,347,0.5669230769230769
N4G4,SVM,348,0.5142307692307693
N4G4,SVM,349,0.48743589743589744
N4G4,SVM,350,0.5873076923076923
N4G4,SVM,351,0.49294871794871786
N4G4,SVM,352,0.5852564102564103
N4G4,SVM,353,0.4967948717948718
N4G4,SVM,354,0.4930769230769231
N4G4,SVM,355,0.49282051282051287
N4G4,SVM,356,0.5108974358974359
N4G4,SVM,357,0.5255128205128206
N4G4,SVM,358,0.4948717948717949
N4G4,SVM,359,0.5138461538461538
N4G4,SVM,360,0.527948717948718
N4G4,SVM,361,0.5317948717948717
N4G4,SVM,362,0.5607692307692308
N4G4,SVM,363,0.49487179487179495
N4G4,SVM,364,0.5665384615384615
N4G4,SVM,365,0.5285897435897436
N4G4,SVM,366,0.48205128205128195
N4G4,SVM,367,0.5224358974358975
N4G4,SVM,368,0.45807692307692316
N4G4,SVM,369,0.5146153846153846
N4G4,SVM,370,0.4741025641025642
N4G4,SVM,371,0.3944871794871795
N4G4,SVM,372,0.5246153846153846
N4G4,SVM,373,0.49897435897435893
N4G4,SVM,374,0.5408974358974359
N4G4,SVM,375,0.5587179487179488
N4G4,SVM,376,0.48897435897435904
N4G4,SVM,377,0.5039743589743589
N4G4,SVM,378,0.49423076923076925
N4G4,SVM,379,0.38846153846153847
N4G4,SVM,380,0.45307692307692315
N4G4,SVM,381,0.5297435897435898
N4G4,SVM,382,0.464871794871795
N4G4,SVM,383,0.5202564102564103
N4G4,SVM,384,0.5302564102564102
N4G4,SVM,385,0.4815384615384616
N4G4,SVM,386,0.4788461538461539
N4G4,SVM,387,0.3906410256410257
N4G4,SVM,388,0.5248717948717949
N4G4,SVM,389,0.5284615384615384
N4G4,SVM,390,0.5253846153846153
N4G4,SVM,391,0.4001282051282052
N4G4,SVM,392,0.4457692307692308
N4G4,SVM,393,0.5633333333333334
N4G4,SVM,394,0.4788461538461538
N4G4,SVM,395,0.5106410256410256
N4G4,SVM,396,0.5233333333333333
N4G4,SVM,397,0.5323076923076924
N4G4,SVM,398,0.5735897435897437
N4G4,SVM,399,0.47615384615384615
N4G4,SVM,400,0.4641025641025642
N4G4,SVM,401,0.4911538461538461
N4G4,SVM,402,0.5121794871794871
N4G4,SVM,403,0.4903846153846154
N4G4,SVM,404,0.5275641025641026
N4G4,SVM,405,0.532051282051282
N4G4,SVM,406,0.43743589743589745
N4G4,SVM,407,0.3856410256410257
N4G4,SVM,408,0.5902564102564103
N4G4,SVM,409,0.49692307692307686
N4G4,SVM,410,0.48615384615384616
N4G4,SVM,411,0.5737179487179488
N4G4,SVM,412,0.5215384615384615
N4G4,SVM,413,0.5076923076923077
N4G4,SVM,414,0.4649999999999999
N4G4,SVM,415,0.5102564102564102
N4G4,SVM,416,0.5461538461538461
N4G4,SVM,417,0.4907692307692308
N4G4,SVM,418,0.5402564102564102
N4G4,SVM,419,0.49217948717948723
N4G4,SVM,420,0.4680769230769231
N4G4,SVM,421,0.438974358974359
N4G4,SVM,422,0.5019230769230769
N4G4,SVM,423,0.4692307692307693
N4G4,SVM,424,0.5553846153846154
N4G4,SVM,425,0.4952564102564103
N4G4,SVM,426,0.4774358974358974
N4G4,SVM,427,0.5253846153846153
N4G4,SVM,428,0.3985897435897436
N4G4,SVM,429,0.3752564102564102
N4G4,SVM,430,0.5126923076923078
N4G4,SVM,431,0.5403846153846154
N4G4,SVM,432,0.4446153846153846
N4G4,SVM,433,0.581923076923077
N4G4,SVM,434,0.4591025641025641
N4G4,SVM,435,0.4969230769230769
N4G4,SVM,436,0.5374358974358975
N4G4,SVM,437,0.4384615384615385
N4G4,SVM,438,0.4734615384615385
N4G4,SVM,439,0.4747435897435897
N4G4,SVM,440,0.5093589743589744
N4G4,SVM,441,0.5385897435897435
N4G4,SVM,442,0.5596153846153846
N4G4,SVM,443,0.5128205128205128
N4G4,SVM,444,0.6105128205128205
N4G4,SVM,445,0.4755128205128205
N4G4,SVM,446,0.43243589743589744
N4G4,SVM,447,0.46987179487179487
N4G4,SVM,448,0.4114102564102564
N4G4,SVM,449,0.5525641025641026
N4G4,SVM,450,0.5975641025641025
N4G4,SVM,451,0.548974358974359
N4G4,SVM,452,0.37371794871794867
N4G4,SVM,453,0.5473076923076924
N4G4,SVM,454,0.5752564102564102
N4G4,SVM,455,0.45910256410256417
N4G4,SVM,456,0.4735897435897436
N4G4,SVM,457,0.42923076923076925
N4G4,SVM,458,0.4620512820512821
N4G4,SVM,459,0.5515384615384616
N4G4,SVM,460,0.3956410256410256
N4G4,SVM,461,0.5173076923076924
N4G4,SVM,462,0.47756410256410253
N4G4,SVM,463,0.6
N4G4,SVM,464,0.5323076923076923
N4G4,SVM,465,0.5092307692307693
N4G4,SVM,466,0.5465384615384616
N4G4,SVM,467,0.5546153846153846
N4G4,SVM,468,0.5343589743589744
N4G4,SVM,469,0.4943589743589743
N4G4,SVM,470,0.5601282051282052
N4G4,SVM,471,0.563076923076923
N4G4,SVM,472,0.4744871794871795
N4G4,SVM,473,0.4510256410256411
N4G4,SVM,474,0.6296153846153846
N4G4,SVM,475,0.4646153846153846
N4G4,SVM,476,0.5167948717948718
N4G4,SVM,477,0.6162820512820513
N4G4,SVM,478,0.4506410256410256
N4G4,SVM,479,0.49294871794871803
N4G4,SVM,480,0.4297435897435897
N4G4,SVM,481,0.5044871794871796
N4G4,SVM,482,0.4526923076923077
N4G4,SVM,483,0.3466666666666666
N4G4,SVM,484,0.47076923076923083
N4G4,SVM,485,0.5035897435897436
N4G4,SVM,486,0.48846153846153845
N4G4,SVM,487,0.45384615384615384
N4G4,SVM,488,0.4762820512820513
N4G4,SVM,489,0.555
N4G4,SVM,490,0.5215384615384615
N4G4,SVM,491,0.5570512820512821
N4G4,SVM,492,0.5225641025641025
N4G4,SVM,493,0.531025641025641
N4G4,SVM,494,0.5096153846153846
N4G4,SVM,495,0.5517948717948719
N4G4,SVM,496,0.601025641025641
N4G4,SVM,497,0.5173076923076924
N4G4,SVM,498,0.6025641025641025
N4G4,SVM,499,0.48756410256410265
N4G4,SVM,500,0.5002564102564103
N4G4,SVM,501,0.6037179487179487
N4G4,SVM,502,0.5167948717948717
N4G4,SVM,503,0.5079487179487179
N4G4,SVM,504,0.5594871794871795
N4G4,SVM,505,0.5665384615384617
N4G4,SVM,506,0.3789743589743589
N4G4,SVM,507,0.5817948717948718
N4G4,SVM,508,0.45333333333333337
N4G4,SVM,509,0.581025641025641
N4G4,SVM,510,0.5325641025641026
N4G4,SVM,511,0.5456410256410256
N4G4,SVM,512,0.4765384615384615
N4G4,SVM,513,0.49820512820512824
N4G4,SVM,514,0.33397435897435895
N4G4,SVM,515,0.4671794871794871
N4G4,SVM,516,0.5575641025641026
N4G4,SVM,517,0.5253846153846154
N4G4,SVM,518,0.5801282051282052
N4G4,SVM,519,0.5247435897435897
N4G4,SVM,520,0.558974358974359
N4G4,SVM,521,0.5128205128205129
N4G4,SVM,522,0.42858974358974355
N4G4,SVM,523,0.4542307692307692
N4G4,SVM,524,0.44807692307692315
N4G4,SVM,525,0.5396153846153846
N4G4,SVM,526,0.4571794871794872
N4G4,SVM,527,0.5305128205128206
N4G4,SVM,528,0.43948717948717947
N4G4,SVM,529,0.4683333333333334
N4G4,SVM,530,0.4444871794871795
N4G4,SVM,531,0.5293589743589743
N4G4,SVM,532,0.4844871794871795
N4G4,SVM,533,0.4491025641025641
N4G4,SVM,534,0.5212820512820513
N4G4,SVM,535,0.4943589743589743
N4G4,SVM,536,0.5338461538461537
N4G4,SVM,537,0.5343589743589744
N4G4,SVM,538,0.5453846153846155
N4G4,SVM,539,0.39705128205128204
N4G4,SVM,540,0.5617948717948719
N4G4,SVM,541,0.48128205128205126
N4G4,SVM,542,0.44269230769230766
N4G4,SVM,543,0.4742307692307692
N4G4,SVM,544,0.5375641025641026
N4G4,SVM,545,0.4987179487179488
N4G4,SVM,546,0.45
N4G4,SVM,547,0.516025641025641
N4G4,SVM,548,0.49423076923076925
N4G4,SVM,549,0.4611538461538462
N4G4,SVM,550,0.5197435897435897
N4G4,SVM,551,0.4858974358974359
N4G4,SVM,552,0.5534615384615384
N4G4,SVM,553,0.5378205128205128
N4G4,SVM,554,0.4857692307692308
N4G4,SVM,555,0.472948717948718
N4G4,SVM,556,0.43525641025641026
N4G4,SVM,557,0.45141025641025634
N4G4,SVM,558,0.5065384615384615
N4G4,SVM,559,0.49551282051282053
N4G4,SVM,560,0.5456410256410256
N4G4,SVM,561,0.607948717948718
N4G4,SVM,562,0.4980769230769231
N4G4,SVM,563,0.4626923076923077
N4G4,SVM,564,0.44102564102564096
N4G4,SVM,565,0.4644871794871795
N4G4,SVM,566,0.4646153846153846
N4G4,SVM,567,0.5642307692307693
N4G4,SVM,568,0.417948717948718
N4G4,SVM,569,0.5016666666666666
N4G4,SVM,570,0.3956410256410256
N4G4,SVM,571,0.5270512820512822
N4G4,SVM,572,0.5034615384615385
N4G4,SVM,573,0.5056410256410256
N4G4,SVM,574,0.5664102564102563
N4G4,SVM,575,0.48615384615384616
N4G4,SVM,576,0.49435897435897436
N4G4,SVM,577,0.49743589743589745
N4G4,SVM,578,0.5275641025641026
N4G4,SVM,579,0.3846153846153846
N4G4,SVM,580,0.47628205128205126
N4G4,SVM,581,0.4946153846153846
N4G4,SVM,582,0.5373076923076924
N4G4,SVM,583,0.522051282051282
N4G4,SVM,584,0.6138461538461539
N4G4,SVM,585,0.5364102564102564
N4G4,SVM,586,0.5180769230769231
N4G4,SVM,587,0.5246153846153846
N4G4,SVM,588,0.5438461538461538
N4G4,SVM,589,0.44230769230769235
N4G4,SVM,590,0.4433333333333333
N4G4,SVM,591,0.5007692307692309
N4G4,SVM,592,0.5393589743589744
N4G4,SVM,593,0.4801282051282051
N4G4,SVM,594,0.5516666666666667
N4G4,SVM,595,0.5184615384615384
N4G4,SVM,596,0.4365384615384616
N4G4,SVM,597,0.4796153846153846
N4G4,SVM,598,0.49935897435897436
N4G4,SVM,599,0.5261538461538462
N4G4,SVM,600,0.45192307692307687
N4G4,SVM,601,0.566923076923077
N4G4,SVM,602,0.5001282051282051
N4G4,SVM,603,0.47769230769230775
N4G4,SVM,604,0.5028205128205129
N4G4,SVM,605,0.6034615384615385
N4G4,SVM,606,0.4901282051282051
N4G4,SVM,607,0.443974358974359
N4G4,SVM,608,0.5178205128205129
N4G4,SVM,609,0.5206410256410257
N4G4,SVM,610,0.6255128205128205
N4G4,SVM,611,0.49115384615384605
N4G4,SVM,612,0.4838461538461538
N4G4,SVM,613,0.5203846153846154
N4G4,SVM,614,0.44871794871794873
N4G4,SVM,615,0.5062820512820513
N4G4,SVM,616,0.5867948717948718
N4G4,SVM,617,0.4074358974358974
N4G4,SVM,618,0.5161538461538462
N4G4,SVM,619,0.5353846153846153
N4G4,SVM,620,0.5132051282051282
N4G4,SVM,621,0.5006410256410256
N4G4,SVM,622,0.4824358974358974
N4G4,SVM,623,0.4416666666666667
N4G4,SVM,624,0.4980769230769231
N4G4,SVM,625,0.4025641025641026
N4G4,SVM,626,0.5241025641025642
N4G4,SVM,627,0.44089743589743585
N4G4,SVM,628,0.4594871794871795
N4G4,SVM,629,0.5153846153846154
N4G4,SVM,630,0.45782051282051284
N4G4,SVM,631,0.5493589743589744
N4G4,SVM,632,0.5292307692307693
N4G4,SVM,633,0.45
N4G4,SVM,634,0.4883333333333333
N4G4,SVM,635,0.5658974358974359
N4G4,SVM,636,0.4783333333333333
N4G4,SVM,637,0.5124358974358975
N4G4,SVM,638,0.45346153846153847
N4G4,SVM,639,0.4761538461538462
N4G4,SVM,640,0.5534615384615384
N4G4,SVM,641,0.49166666666666664
N4G4,SVM,642,0.4905128205128206
N4G4,SVM,643,0.5414102564102564
N4G4,SVM,644,0.43628205128205133
N4G4,SVM,645,0.538076923076923
N4G4,SVM,646,0.488974358974359
N4G4,SVM,647,0.3985897435897436
N4G4,SVM,648,0.5784615384615385
N4G4,SVM,649,0.45384615384615384
N4G4,SVM,650,0.5606410256410256
N4G4,SVM,651,0.4765384615384615
N4G4,SVM,652,0.45346153846153847
N4G4,SVM,653,0.482948717948718
N4G4,SVM,654,0.5410256410256411
N4G4,SVM,655,0.45692307692307693
N4G4,SVM,656,0.5782051282051283
N4G4,SVM,657,0.5026923076923077
N4G4,SVM,658,0.5238461538461539
N4G4,SVM,659,0.5148717948717949
N4G4,SVM,660,0.5348717948717949
N4G4,SVM,661,0.5598717948717948
N4G4,SVM,662,0.5267948717948717
N4G4,SVM,663,0.4311538461538462
N4G4,SVM,664,0.5201282051282052
N4G4,SVM,665,0.4057692307692308
N4G4,SVM,666,0.44743589743589746
N4G4,SVM,667,0.4457692307692308
N4G4,SVM,668,0.45782051282051284
N4G4,SVM,669,0.3788461538461539
N4G4,SVM,670,0.5364102564102564
N4G4,SVM,671,0.5382051282051282
N4G4,SVM,672,0.475
N4G4,SVM,673,0.4126923076923077
N4G4,SVM,674,0.547948717948718
N4G4,SVM,675,0.4837179487179487
N4G4,SVM,676,0.5237179487179486
N4G4,SVM,677,0.49551282051282053
N4G4,SVM,678,0.48179487179487185
N4G4,SVM,679,0.4511538461538461
N4G4,SVM,680,0.5865384615384616
N4G4,SVM,681,0.5585897435897436
N4G4,SVM,682,0.5723076923076923
N4G4,SVM,683,0.5108974358974359
N4G4,SVM,684,0.4016666666666666
N4G4,SVM,685,0.48205128205128206
N4G4,SVM,686,0.5235897435897436
N4G4,SVM,687,0.43435897435897436
N4G4,SVM,688,0.4374358974358975
N4G4,SVM,689,0.5342307692307692
N4G4,SVM,690,0.5337179487179488
N4G4,SVM,691,0.5119230769230769
N4G4,SVM,692,0.47564102564102567
N4G4,SVM,693,0.4743589743589743
N4G4,SVM,694,0.4801282051282051
N4G4,SVM,695,0.47730769230769227
N4G4,SVM,696,0.4455128205128205
N4G4,SVM,697,0.5376923076923077
N4G4,SVM,698,0.4917948717948718
N4G4,SVM,699,0.536923076923077
N4G4,SVM,700,0.38705128205128214
N4G4,SVM,701,0.6244871794871795
N4G4,SVM,702,0.437948717948718
N4G4,SVM,703,0.5252564102564103
N4G4,SVM,704,0.4641025641025642
N4G4,SVM,705,0.5365384615384614
N4G4,SVM,706,0.47589743589743594
N4G4,SVM,707,0.54
N4G4,SVM,708,0.536025641025641
N4G4,SVM,709,0.4907692307692308
N4G4,SVM,710,0.4946153846153847
N4G4,SVM,711,0.501923076923077
N4G4,SVM,712,0.5112820512820513
N4G4,SVM,713,0.49166666666666664
N4G4,SVM,714,0.448974358974359
N4G4,SVM,715,0.5296153846153845
N4G4,SVM,716,0.4637179487179487
N4G4,SVM,717,0.38794871794871794
N4G4,SVM,718,0.5438461538461538
N4G4,SVM,719,0.4844871794871795
N4G4,SVM,720,0.44153846153846155
N4G4,SVM,721,0.41705128205128206
N4G4,SVM,722,0.5153846153846154
N4G4,SVM,723,0.4546153846153846
N4G4,SVM,724,0.5001282051282051
N4G4,SVM,725,0.5147435897435897
N4G4,SVM,726,0.5280769230769231
N4G4,SVM,727,0.4751282051282051
N4G4,SVM,728,0.5038461538461538
N4G4,SVM,729,0.5932051282051283
N4G4,SVM,730,0.5060256410256411
N4G4,SVM,731,0.5338461538461539
N4G4,SVM,732,0.5038461538461538
N4G4,SVM,733,0.4744871794871795
N4G4,SVM,734,0.4996153846153846
N4G4,SVM,735,0.5597435897435897
N4G4,SVM,736,0.5369230769230771
N4G4,SVM,737,0.5505128205128205
N4G4,SVM,738,0.5274358974358974
N4G4,SVM,739,0.44051282051282054
N4G4,SVM,740,0.5343589743589744
N4G4,SVM,741,0.39807692307692305
N4G4,SVM,742,0.4687179487179487
N4G4,SVM,743,0.4353846153846154
N4G4,SVM,744,0.5408974358974359
N4G4,SVM,745,0.5514102564102563
N4G4,SVM,746,0.5092307692307693
N4G4,SVM,747,0.521025641025641
N4G4,SVM,748,0.486025641025641
N4G4,SVM,749,0.5388461538461539
N4G4,SVM,750,0.5191025641025642
N4G4,SVM,751,0.4078205128205128
N4G4,SVM,752,0.437948717948718
N4G4,SVM,753,0.4098717948717948
N4G4,SVM,754,0.543076923076923
N4G4,SVM,755,0.5143589743589744
N4G4,SVM,756,0.42320512820512823
N4G4,SVM,757,0.5380769230769231
N4G4,SVM,758,0.48769230769230776
N4G4,SVM,759,0.5937179487179488
N4G4,SVM,760,0.49243589743589744
N4G4,SVM,761,0.47192307692307695
N4G4,SVM,762,0.5662820512820512
N4G4,SVM,763,0.5187179487179487
N4G4,SVM,764,0.5378205128205128
N4G4,SVM,765,0.5421794871794873
N4G4,SVM,766,0.5225641025641026
N4G4,SVM,767,0.5583333333333332
N4G4,SVM,768,0.47756410256410253
N4G4,SVM,769,0.4991025641025641
N4G4,SVM,770,0.5555128205128205
N4G4,SVM,771,0.5398717948717948
N4G4,SVM,772,0.5753846153846154
N4G4,SVM,773,0.3978205128205129
N4G4,SVM,774,0.4312820512820513
N4G4,SVM,775,0.4593589743589743
N4G4,SVM,776,0.48243589743589743
N4G4,SVM,777,0.46384615384615385
N4G4,SVM,778,0.4844871794871795
N4G4,SVM,779,0.546025641025641
N4G4,SVM,780,0.44769230769230767
N4G4,SVM,781,0.45730769230769225
N4G4,SVM,782,0.514102564102564
N4G4,SVM,783,0.4510256410256411
N4G4,SVM,784,0.5244871794871795
N4G4,SVM,785,0.5079487179487179
N4G4,SVM,786,0.48320512820512823
N4G4,SVM,787,0.49564102564102563
N4G4,SVM,788,0.4821794871794872
N4G4,SVM,789,0.4911538461538461
N4G4,SVM,790,0.4398717948717949
N4G4,SVM,791,0.4429487179487179
N4G4,SVM,792,0.521025641025641
N4G4,SVM,793,0.5732051282051281
N4G4,SVM,794,0.4856410256410256
N4G4,SVM,795,0.5373076923076924
N4G4,SVM,796,0.49602564102564095
N4G4,SVM,797,0.48384615384615387
N4G4,SVM,798,0.5442307692307693
N4G4,SVM,799,0.536923076923077
N4G4,SVM,800,0.5061538461538462
N4G4,SVM,801,0.6032051282051283
N4G4,SVM,802,0.5397435897435897
N4G4,SVM,803,0.41846153846153844
N4G4,SVM,804,0.46230769230769225
N4G4,SVM,805,0.5351282051282051
N4G4,SVM,806,0.4515384615384616
N4G4,SVM,807,0.4555128205128205
N4G4,SVM,808,0.5016666666666667
N4G4,SVM,809,0.5207692307692308
N4G4,SVM,810,0.5048717948717949
N4G4,SVM,811,0.5453846153846154
N4G4,SVM,812,0.49282051282051287
N4G4,SVM,813,0.5061538461538462
N4G4,SVM,814,0.5321794871794873
N4G4,SVM,815,0.5012820512820513
N4G4,SVM,816,0.5447435897435897
N4G4,SVM,817,0.4388461538461539
N4G4,SVM,818,0.5534615384615384
N4G4,SVM,819,0.527051282051282
N4G4,SVM,820,0.49256410256410255
N4G4,SVM,821,0.46320512820512816
N4G4,SVM,822,0.4947435897435898
N4G4,SVM,823,0.4544871794871795
N4G4,SVM,824,0.4487179487179487
N4G4,SVM,825,0.5615384615384614
N4G4,SVM,826,0.41294871794871796
N4G4,SVM,827,0.4683333333333334
N4G4,SVM,828,0.446025641025641
N4G4,SVM,829,0.5653846153846154
N4G4,SVM,830,0.5655128205128205
N4G4,SVM,831,0.5339743589743591
N4G4,SVM,832,0.5187179487179487
N4G4,SVM,833,0.5398717948717949
N4G4,SVM,834,0.4626923076923077
N4G4,SVM,835,0.5071794871794872
N4G4,SVM,836,0.5766666666666667
N4G4,SVM,837,0.5991025641025641
N4G4,SVM,838,0.4519230769230769
N4G4,SVM,839,0.39333333333333337
N4G4,SVM,840,0.49153846153846154
N4G4,SVM,841,0.5512820512820513
N4G4,SVM,842,0.415897435897436
N4G4,SVM,843,0.48089743589743583
N4G4,SVM,844,0.5484615384615384
N4G4,SVM,845,0.5303846153846155
N4G4,SVM,846,0.45346153846153847
N4G4,SVM,847,0.5378205128205128
N4G4,SVM,848,0.588974358974359
N4G4,SVM,849,0.4647435897435897
N4G4,SVM,850,0.4846153846153846
N4G4,SVM,851,0.46884615384615386
N4G4,SVM,852,0.5052564102564102
N4G4,SVM,853,0.5046153846153847
N4G4,SVM,854,0.4882051282051282
N4G4,SVM,855,0.528076923076923
N4G4,SVM,856,0.500897435897436
N4G4,SVM,857,0.5143589743589743
N4G4,SVM,858,0.5478205128205128
N4G4,SVM,859,0.5910256410256411
N4G4,SVM,860,0.5894871794871794
N4G4,SVM,861,0.45615384615384613
N4G4,SVM,862,0.5187179487179487
N4G4,SVM,863,0.4614102564102564
N4G4,SVM,864,0.5515384615384615
N4G4,SVM,865,0.4684615384615385
N4G4,SVM,866,0.5235897435897435
N4G4,SVM,867,0.52
N4G4,SVM,868,0.5808974358974359
N4G4,SVM,869,0.5024358974358973
N4G4,SVM,870,0.41833333333333333
N4G4,SVM,871,0.5132051282051282
N4G4,SVM,872,0.6494871794871794
N4G4,SVM,873,0.4596153846153846
N4G4,SVM,874,0.5306410256410257
N4G4,SVM,875,0.5384615384615384
N4G4,SVM,876,0.5755128205128205
N4G4,SVM,877,0.5403846153846154
N4G4,SVM,878,0.4635897435897436
N4G4,SVM,879,0.5537179487179487
N4G4,SVM,880,0.5133333333333333
N4G4,SVM,881,0.6285897435897436
N4G4,SVM,882,0.5346153846153846
N4G4,SVM,883,0.49474358974358973
N4G4,SVM,884,0.4384615384615385
N4G4,SVM,885,0.44730769230769224
N4G4,SVM,886,0.4911538461538462
N4G4,SVM,887,0.5533333333333333
N4G4,SVM,888,0.483076923076923
N4G4,SVM,889,0.5437179487179487
N4G4,SVM,890,0.5307692307692308
N4G4,SVM,891,0.5394871794871795
N4G4,SVM,892,0.528974358974359
N4G4,SVM,893,0.5573076923076923
N4G4,SVM,894,0.5805128205128205
N4G4,SVM,895,0.3812820512820512
N4G4,SVM,896,0.5312820512820513
N4G4,SVM,897,0.48756410256410254
N4G4,SVM,898,0.5024358974358974
N4G4,SVM,899,0.4664102564102564
N4G4,SVM,900,0.48256410256410254
N4G4,SVM,901,0.43666666666666665
N4G4,SVM,902,0.43435897435897436
N4G4,SVM,903,0.42320512820512823
N4G4,SVM,904,0.5403846153846154
N4G4,SVM,905,0.49999999999999994
N4G4,SVM,906,0.43153846153846154
N4G4,SVM,907,0.46705128205128205
N4G4,SVM,908,0.5452564102564103
N4G4,SVM,909,0.5335897435897435
N4G4,SVM,910,0.4347435897435898
N4G4,SVM,911,0.4493589743589744
N4G4,SVM,912,0.5446153846153847
N4G4,SVM,913,0.500128205128205
N4G4,SVM,914,0.5273076923076923
N4G4,SVM,915,0.5078205128205129
N4G4,SVM,916,0.5174358974358975
N4G4,SVM,917,0.48782051282051286
N4G4,SVM,918,0.5625641025641026
N4G4,SVM,919,0.45743589743589746
N4G4,SVM,920,0.4261538461538462
N4G4,SVM,921,0.5088461538461538
N4G4,SVM,922,0.5007692307692307
N4G4,SVM,923,0.5801282051282052
N4G4,SVM,924,0.5126923076923078
N4G4,SVM,925,0.4564102564102564
N4G4,SVM,926,0.5106410256410256
N4G4,SVM,927,0.5774358974358974
N4G4,SVM,928,0.4705128205128205
N4G4,SVM,929,0.48423076923076924
N4G4,SVM,930,0.558076923076923
N4G4,SVM,931,0.5153846153846154
N4G4,SVM,932,0.5110256410256411
N4G4,SVM,933,0.44628205128205134
N4G4,SVM,934,0.43910256410256404
N4G4,SVM,935,0.5001282051282052
N4G4,SVM,936,0.44628205128205134
N4G4,SVM,937,0.5497435897435897
N4G4,SVM,938,0.5684615384615386
N4G4,SVM,939,0.5201282051282052
N4G4,SVM,940,0.42294871794871797
N4G4,SVM,941,0.5064102564102564
N4G4,SVM,942,0.513974358974359
N4G4,SVM,943,0.4765384615384615
N4G4,SVM,944,0.551923076923077
N4G4,SVM,945,0.5064102564102564
N4G4,SVM,946,0.6149999999999999
N4G4,SVM,947,0.4653846153846154
N4G4,SVM,948,0.4534615384615385
N4G4,SVM,949,0.46628205128205125
N4G4,SVM,950,0.46884615384615386
N4G4,SVM,951,0.5555128205128205
N4G4,SVM,952,0.49833333333333335
N4G4,SVM,953,0.5010256410256411
N4G4,SVM,954,0.5592307692307693
N4G4,SVM,955,0.4502564102564102
N4G4,SVM,956,0.5187179487179487
N4G4,SVM,957,0.5583333333333333
N4G4,SVM,958,0.4816666666666667
N4G4,SVM,959,0.44166666666666665
N4G4,SVM,960,0.5598717948717948
N4G4,SVM,961,0.5516666666666666
N4G4,SVM,962,0.4553846153846154
N4G4,SVM,963,0.425
N4G4,SVM,964,0.528974358974359
N4G4,SVM,965,0.5034615384615385
N4G4,SVM,966,0.5705128205128205
N4G4,SVM,967,0.5474358974358975
N4G4,SVM,968,0.4270512820512821
N4G4,SVM,969,0.5826923076923077
N4G4,SVM,970,0.42858974358974355
N4G4,SVM,971,0.505
N4G4,SVM,972,0.5280769230769231
N4G4,SVM,973,0.4887179487179487
N4G4,SVM,974,0.4847435897435897
N4G4,SVM,975,0.5455128205128205
N4G4,SVM,976,0.44025641025641027
N4G4,SVM,977,0.4903846153846154
N4G4,SVM,978,0.4803846153846154
N4G4,SVM,979,0.5507692307692308
N4G4,SVM,980,0.4120512820512821
N4G4,SVM,981,0.4937179487179488
N4G4,SVM,982,0.4255128205128206
N4G4,SVM,983,0.5430769230769231
N4G4,SVM,984,0.45410256410256417
N4G4,SVM,985,0.5583333333333332
N4G4,SVM,986,0.5110256410256411
N4G4,SVM,987,0.42358974358974355
N4G4,SVM,988,0.5052564102564102
N4G4,SVM,989,0.5592307692307693
N4G4,SVM,990,0.4782051282051282
N4G4,SVM,991,0.4112820512820513
N4G4,SVM,992,0.5124358974358975
N4G4,SVM,993,0.5334615384615384
N4G4,SVM,994,0.5158974358974359
N4G4,SVM,995,0.54
N4G4,SVM,996,0.4788461538461538
N4G4,SVM,997,0.6037179487179488
N4G4,SVM,998,0.5026923076923077
N4G4,SVM,999,0.5473076923076924
